ID_Institution,Nom Institution
1,UNIVERSITY OF ALASKA ANCHORAGE
2,ALASKA PACIFIC UNIVERSITY
3,KENAI PENINSULA COLLEGE
4,UNIVERSITY OF ALASKA FAIRBANKS
5,UNIVERSITY OF ALABAMA
6,UNIVERSITY OF ALABAMA AT BIRMINGHAM
7,UNIVERSITY OF MONTEVALLO
8,BISHOP STATE COMMUNITY COLLEGE
9,JOHN C CALHOUN STATE COMMUNITY COLLEGE
10,BEVILL STATE COMMUNITY COLLEGE
11,SAMFORD UNIVERSITY
12,UNIVERSITY OF ALABAMA IN HUNTSVILLE
13,AUBURN UNIVERSITY
14,BIRMINGHAM SOUTHERN COLLEGE
15,SPRING HILL COLLEGE
16,UNIVERSITY OF SOUTH ALABAMA
17,GEORGE C WALLACE STATE COMMUNITY COLLEGE-HANCEVILLE
18,TROY UNIVERSITY
19,JACKSONVILLE STATE UNIVERSITY
20,ALABAMA SOUTHERN COMMUNITY COLLEGE
21,LURLEEN B WALLACE COMMUNITY COLLEGE
22,JUDSON COLLEGE
23,GADSDEN STATE COMMUNITY COLLEGE
24,HUNTINGDON COLLEGE
25,ALABAMA A & M UNIVERSITY
26,STILLMAN COLLEGE
27,ATHENS STATE UNIVERSITY
28,JEFFERSON DAVIS COMMUNITY COLLEGE
29,UNIVERSITY OF NORTH ALABAMA
30,UNIVERSITY OF WEST ALABAMA
31,ARKANSAS STATE UNIVERSITY
32,ARKANSAS TECH UNIVERSITY
33,JOHN BROWN UNIVERSITY
34,SOUTHERN ARKANSAS UNIVERSITY
35,UNIVERSITY OF ARKANSAS FOR MEDICAL SCIENCES
36,UNIVERSITY OF CENTRAL ARKANSAS
37,UNIVERSITY OF ARKANSAS AT LITTLE ROCK
38,HENDRIX COLLEGE
39,OUACHITA BAPTIST UNIVERSITY
40,HENDERSON STATE UNIVERSITY
41,NORTHWEST ARKANSAS COMMUNITY COLLEGE
42,LYON COLLEGE
43,WILLIAMS BAPTIST COLLEGE
44,NORTH ARKANSAS COLLEGE
45,UNIVERSITY OF ARKANSAS AT MONTICELLO
46,SOUTH ARKANSAS COMMUNITY COLLEGE
47,UNIVERSITY OF THE OZARKS
48,HARDING UNIVERSITY
49,UNIVERSITY OF ARKANSAS AT PINE BLUFF
50,UNIVERSITY OF ARKANSAS - FORT SMITH
51,ARIZONA STATE UNIVERSITY
52,UNIVERSITY OF ARIZONA
53,ARIZONA WESTERN COLLEGE
54,NORTHERN ARIZONA UNIVERSITY
55,SCOTTSDALE COMMUNITY COLLEGE
56,PHOENIX COLLEGE
57,HARVARD UNIVERSITY
58,THE ART INSTITUTE OF PHOENIX
59,ARIZONA STATE UNIVERSITY-DOWNTOWN PHOENIX
60,PARADISE VALLEY COMMUNITY COLLEGE
61,PIMA COMMUNITY COLLEGE
62,EASTERN ARIZONA COLLEGE
63,DINE COLLEGE
64,ESTRELLA MOUNTAIN COMMUNITY COLLEGE
65,YAVAPAI COLLEGE
66,PRESCOTT COLLEGE
67,GLENDALE COMMUNITY COLLEGE
68,CHANDLER-GILBERT COMMUNITY COLLEGE
69,CENTRAL ARIZONA COLLEGE
70,NORTHLAND PIONEER COLLEGE
71,ACADEMY OF ART UNIVERSITY
72,ART CENTER COLLEGE OF DESIGN
73,FASHION INSTITUTE OF DESIGN & MERCHANDISING-LOS ANGELES
74,ANTELOPE VALLEY COLLEGE
75,CALIFORNIA STATE UNIVERSITY- FRESNO
76,"UNIVERSITY OF CALIFORNIA, LOS ANGELES"
77,ORANGE COAST�COLLEGE
78,"UNIVERSITY OF CALIFORNIA, SANTA BARBARA"
79,CALIFORNIA STATE UNIVERSITY - NORTHRIDGE
80,RIVERSIDE CITY COLLEGE
81,FRESNO PACIFIC UNIVERSITY
82,BIOLA UNIVERSITY
83,PORTERVILLE COLLEGE
84,CALIFORNIA STATE UNIVERSITY - CHANNEL ISLANDS
85,CALIFORNIA INSTITUTE OF ART
86,JOHN F KENNEDY UNIVERSITY
87,DIABLO VALLEY COLLEGE
88,SANTA BARBARA CITY COLLEGE
89,STANFORD UNIVERSITY
90,CALIFORNIA STATE UNIVERSITY - FULLERTON
91,OTIS COLLEGE OF ART AND DESIGN
92,"UNIVERSITY OF CALIFORNIA, BERKELEY"
93,PALOMAR COLLEGE
94,"UNIVERSITY OF CALIFORNIA, DAVIS"
95,LA SIERRA UNIVERSITY
96,BUTTE COLLEGE
97,CALIFORNIA STATE UNIVERSITY - HAYWARD
98,CABRILLO COLLEGE
99,"UNIVERSITY OF CALIFORNIA, RIVERSIDE"
100,CANADA COLLEGE
101,"UNIVERSITY OF CALIFORNIA, SANTA CRUZ"
102,CERRITOS COLLEGE
103,CHABOT COLLEGE
104,SAN FRANCISCO STATE UNIVERSITY
105,CRAFTON HILLS COLLEGE
106,CITY COLLEGE OF SAN FRANCISCO
107,SAN JOAQUIN DELTA COLLEGE
108,COASTLINE COMMUNITY COLLEGE
109,COLLEGE OF MARIN
110,COLLEGE OF THE CANYONS
111,COLLEGE OF THE DESERT
112,COSUMNES RIVER COLLEGE
113,COLLEGE OF THE SISKIYOUS
114,SANTA BARBARA BUSINESS COLLEGE-SANTA MARIA
115,CYPRESS COLLEGE
116,AZUSA PACIFIC UNIVERSITY
117,SANTA CLARA UNIVERSITY
118,HUMBOLDT STATE UNIVERSITY
119,SAN FRANCISCO ART INSTITUTE
120,SOLANO COMMUNITY COLLEGE
121,SANTA MONICA COLLEGE
122,CALIFORNIA STATE UNIVERSITY - LONG BEACH
123,CONTRA COSTA COLLEGE
124,EL CAMINO COLLEGE
125,LAGUNA COLLEGE OF ART AND DESIGN
126,DE ANZA COLLEGE
127,EVERGREEN VALLEY COLLEGE
128,FIELDING GRADUATE UNIVERSITY
129,"UNIVERSITY OF CALIFORNIA, IRVINE"
130,UNIVERSITY OF SAN DIEGO
131,SOKA UNIVERSITY OF AMERICA
132,PEPPERDINE UNIVERSITY
133,FULLERTON COLLEGE
134,LOS ANGELES MISSION COLLEGE
135,SAINT MARY'S COLLEGE OF CALIFORNIA
136,MODESTO JUNIOR COLLEGE
137,WHITTIER COLLEGE
138,CHAPMAN UNIVERSITY
139,GOLDEN WEST COLLEGE
140,LAKE TAHOE COMMUNITY COLLEGE
141,CUESTA COLLEGE
142,UNIVERSITY OF LA VERNE
143,HARTNELL COLLEGE
144,HARVEY MUDD COLLEGE
145,GROSSMONT COLLEGE
146,CONCORDIA UNIVERSITY-IRVINE
147,PITZER COLLEGE
148,MOUNT ST. MARY�S COLLEGE
149,IMPERIAL VALLEY COLLEGE
150,LANEY COLLEGE
151,COLLEGE OF ALAMEDA
152,POINT LOMA NAZARENE UNIVERSITY
153,HOLY NAMES UNIVERSITY
154,MIRACOSTA COLLEGE
155,CALIFORNIA LUTHERAN UNIVERSITY
156,MERRITT COLLEGE
157,LOYOLA MARYMOUNT UNIVERSITY
158,LOS ANGELES CITY COLLEGE
159,LOS ANGELES VALLEY COLLEGE
160,UNIVERSITY OF CALIFORNIA
161,CALIFORNIA POLYTECHNIC STATE UNIVERSITY
162,LOS MEDANOS COLLEGE
163,OHLONE COMMUNITY COLLEGE
164,OXNARD COLLEGE
165,MENDOCINO COLLEGE
166,MERCED COLLEGE
167,MERRITT COMMUNITY COLLEGE
168,CALIFORNIA BAPTIST UNIVERSITY
169,MILL'S COLLEGE
170,POMONA COLLEGE
171,MOORPARK COLLEGE
172,MT. SAN ANTONIO COLLEGE
173,FRESNO CITY COLLEGE
174,CALIFORNIA INSTITUTE OF TECHNOLOGY
175,OCCIDENTAL COLLEGE
176,PASADENA CITY COLLEGE
177,CERRO COSO COMMUNITY COLLEGE
178,UNIVERSITY OF REDLANDS
179,AMERICAN JEWISH UNIVERSITY
180,RANCHO SANTIAGO COLLEGE
181,PACIFIC UNION COLLEGE
182,UNIVERSITY OF THE PACIFIC
183,RIO HONDO COLLEGE
184,SIERRA COLLEGE
185,NORCO COLLEGE
186,CALIFORNIA STATE UNIVERSITY - SAN BERNARDINO
187,SANTA ROSA JUNIOR COLLEGE
188,SCRIPPS COLLEGE
189,SADDLEBACK COLLEGE
190,SAN DIEGO MESSA COLLEGE
191,DOMINICAN UNIVERSITY OF CALIFORNIA
192,SANTA ANA COLLEGE
193,SANTA MONICA CITY COLLEGE
194,SOUTHERN CALIFORNIA INSTITUTE OF ARCHITECTURE
195,SAN DIEGO STATE UNIVERSITY
196,SHASTA COLLEGE
197,SKYLINE COLLEGE
198,SOUTHWESTERN COLLEGE
199,"UNIVERSITY OF CALIFORNIA, SAN DIEGO"
200,SAN DIEGO STATE UNIVERSITY-IMPERIAL VALLEY CAMPUS
201,TAFT COLLEGE
202,UNIVERSITY OF SAN FRANCISCO
203,CALIFORNIA STATE UNIVERSITY - BAKERSFIELD
204,UNIVERSITY OF CALIFORNIA-MERCED
205,SONOMA STATE UNIVERSITY
206,CALIFORNIA STATE UNIVERSITY- STANISLAUS
207,CALIFORNIA POLYTECHNIC STATE UNIVERSITY- SAN LUIS OBISPO
208,CALIFORNIA STATE UNIVERSITY - EAST BAY
209,CALIFORNIA STATE UNIVERSITY - DOMINGUEZ HILLS
210,CALIFORNIA STATE UNIVERSITY - SACRAMENTO
211,UNIVERSITY OF SOUTHERN CALIFORNIA
212,VICTOR VALLEY COLLEGE
213,EAST LOS ANGELES COLLEGE
214,CALIFORNIA POLYTECHNIC STATE UNIVERSITY- POMONA
215,NOTRE DAME DE NAMUR UNIVERSITY
216,WEST VALLEY COLLEGE
217,WESTMONT COLLEGE
218,CHAFFEY COLLEGE
219,BAKERSFIELD COLLEGE
220,ROCKY MOUNTAIN COLLEGE OF ART AND DESIGN
221,UNIVERSITY OF DENVER
222,COLORADO STATE UNIVERSITY-PUEBLO
223,METROPOLITAN STATE COLLEGE OF DENVER
224,FORT LEWIS COLLEGE
225,ADAMS STATE COLLEGE
226,COLORADO COLLEGE
227,UNIVERSITY OF NORTHERN COLORADO
228,ARAPAHOE COMMUNITY COLLEGE
229,UNIVERSITY OF COLORADO AT BOULDER
230,COLORADO STATE UNIVERSITY
231,UNIVERSITY OF COLORADO AT COLORADO SPRINGS
232,COLORADO SCHOOL OF MINES
233,COLORADO MESA UNIVERSITY
234,TRINIDAD STATE JUNIOR COLLEGE
235,COMMUNITY COLLEGE OF AURORA
236,REGIS UNIVERSITY
237,NAROPA UNIVERSITY
238,FRONT RANGE COMMUNITY COLLEGE
239,UNIVERSITY OF COLORADO DENVER
240,EASTERN CONNECTICUT STATE UNIVERSITY
241,CENTRAL CONNECTICUT STATE UNIVERSITY
242,UNIVERSITY OF CONNECTICUT-TRI-CAMPUS
243,SAINT JOSEPH COLLEGE
244,TUNXIS COMMUNITY COLLEGE
245,FAIRFIELD UNIVERSITY
246,CONNECTICUT COLLEGE
247,UNIVERSITY OF CONNECTICUT
248,WESLEYAN UNIVERSITY
249,WESTERN CONNECTICUT STATE UNIVERSITY
250,SACRED HEART UNIVERSITY
251,YALE UNIVERSITY
252,HOUSATONIC COMMUNITY COLLEGE
253,UNIVERSITY OF HARTFORD
254,ALBERTUS MAGNUS COLLEGE
255,GATEWAY COMMUNITY COLLEGE
256,MIDDLESEX COMMUNITY COLLEGE
257,UNIVERSITY OF NEW HAVEN
258,UNIVERSITY OF CONNECTICUT - STAMFORD
259,NORWALK COMMUNITY COLLEGE
260,TRINITY COLLEGE
261,AMERICAN UNIVERSITY
262,GEORGE WASHINGTON UNIVERSITY
263,GEORGETOWN UNIVERSITY
264,GALLAUDET UNIVERSITY
265,HOWARD UNIVERSITY
266,CATHOLIC UNIVERSITY OF AMERICA
267,DELAWARE STATE UNIVERSITY
268,UNIVERSITY OF DELAWARE
269,DELAWARE COLLEGE OF ART AND DESIGN
270,DELAWARE TECHNICAL COMMUNITY COLLEGE-OWENS
271,JACKSONVILLE UNIVERSITY
272,UNIVERSITY OF FLORIDA
273,BARRY UNIVERSITY
274,VALENCIA COLLEGE
275,INDIAN RIVER STATE COLLEGE
276,LAKE-SUMTER COMMUNITY COLLEGE
277,NORTH FLORIDA COMMUNITY COLLEGE
278,FLORIDA INTERNATIONAL UNIVERSITY
279,BREVARD COMMUNITY COLLEGE
280,BROWARD COLLEGE
281,MIAMI DADE COLLEGE
282,ECKERD COLLEGE
283,UNIVERSITY OF SOUTH FLORIDA
284,ROLLINS COLLEGE
285,FLAGLER COLLEGE-ST AUGUSTINE
286,CHIPOLA COLLEGE
287,HODGES UNIVERSITY
288,STATE COLLEGE OF FLORIDA-MANATEE-SARASOTA
289,SEMINOLE STATE COLLEGE OF FLORIDA
290,FLORIDA GULF COAST UNIVERSITY
291,ST PETERSBURG COLLEGE
292,FLORIDA SOUTHERN COLLEGE
293,FLORIDA STATE UNIVERSITY
294,UNIVERSITY OF CENTRAL FLORIDA
295,EDISON STATE COLLEGE
296,UNIVERSITY OF MIAMI
297,STETSON UNIVERSITY
298,GULF COAST STATE COLLEGE
299,UNIVERSITY OF SOUTH FLORIDA-ST PETERSBURG
300,UNIVERSITY OF TAMPA
301,BETHUNE-COOKMAN UNIVERSITY
302,NORTHWOOD UNIVERSITY-FLORIDA
303,FLORIDA STATE COLLEGE AT JACKSONVILLE
304,SANTA FE COLLEGE
305,BEACON COLLEGE
306,PALM BEACH STATE COLLEGE
307,POLK STATE COLLEGE
308,TALLAHASSEE COMMUNITY COLLEGE
309,ST THOMAS UNIVERSITY
310,FLORIDA INSTITUTE OF TECHNOLOGY
311,SAINT JOHNS RIVER STATE COLLEGE
312,SANTA FE COMMUNITY COLLEGE
313,FLORIDA ATLANTIC UNIVERSITY
314,RINGLING COLLEGE OF ART AND DESIGN
315,DAYTONA STATE COLLEGE
316,FLORIDA AGRICULTURAL AND MECHANICAL UNIVERSITY
317,UNIVERSITY OF NORTH FLORIDA
318,UNIVERSITY OF WEST FLORIDA
319,PENSACOLA JUNIOR COLLEGE
320,SAVANNAH COLLEGE OF ART AND DESIGN
321,ARMSTRONG ATLANTIC STATE UNIVERSITY
322,SAVANNAH STATE UNIVERSITY
323,COLUMBUS STATE UNIVERSITY
324,GEORGIA COLLEGE & STATE UNIVERSITY
325,UNIVERSITY OF WEST GEORGIA
326,AGNES SCOTT COLLEGE
327,BRENAU UNIVERSITY
328,MERCER UNIVERSITY
329,REINHARDT UNIVERSITY
330,CLARK ATLANTA UNIVERSITY
331,UNIVERSITY OF GEORGIA
332,NORTH GEORGIA COLLEGE & STATE UNIVERSITY
333,EMORY UNIVERSITY
334,KENNESAW STATE UNIVERSITY
335,VALDOSTA STATE UNIVERSITY
336,UNIVERSITY OF NORTH GEORGIA
337,ABRAHAM BALDWIN AGRICULTURAL COLLEGE
338,GEORGIA PERIMETER COLLEGE
339,GEORGIA SOUTHERN UNIVERSITY
340,GEORGIA STATE UNIVERSITY
341,GEORGIA SOUTHWESTERN STATE UNIVERSITY
342,LAGRANGE COLLEGE
343,BERRY COLLEGE
344,GEORGIA REGENTS UNIVERSITY
345,OGLETHORPE UNIVERSITY
346,MIDDLE GEORGIA STATE COLLEGE
347,GEORGIA INSTITUTE OF TECHNOLOGY
348,MIDDLE GEORGIA COLLEGE
349,YOUNG HARRIS COLLEGE
350,SHORTER UNIVERSITY
351,SPELMAN COLLEGE
352,ARGOSY UNIVERSITY-ATLANTA
353,MACON STATE COLLEGE
354,UNIVERSITY OF HAWAII AT MANOA
355,LEEWARD COMMUNITY COLLEGE
356,WINDWARD COMMUNITY COLLEGE
357,HAWAII PACIFIC UNIVERSITY
358,KAPIOLANI COMMUNITY COLLEGE
359,HAWAII COMMUNITY COLLEGE
360,UNIVERSITY OF HAWAII AT HILO
361,DRAKE UNIVERSITY
362,CORNELL COLLEGE
363,IOWA STATE UNIVERSITY
364,WALDORF COLLEGE
365,UPPER IOWA UNIVERSITY
366,UNIVERSITY OF DUBUQUE
367,BUENA VISTA UNIVERSITY
368,GRINNELL COLLEGE
369,DORDT COLLEGE
370,SAINT AMBROSE UNIVERSITY
371,LUTHER COLLEGE
372,COE COLLEGE
373,GRACELAND UNIVERSITY-LAMONI
374,SOUTHWESTERN COMMUNITY COLLEGE
375,ELLSWORTH COMMUNITY COLLEGE
376,MORNINGSIDE COLLEGE
377,SIMPSON COLLEGE
378,UNIVERSITY OF IOWA
379,WILLIAM PENN UNIVERSITY
380,GRAND VIEW UNIVERSITY
381,UNIVERSITY OF NORTHERN IOWA
382,IOWA WESLEYAN COLLEGE
383,INDIAN HILLS COMMUNITY COLLEGE
384,KIRKWOOD COMMUNITY COLLEGE
385,MOUNT MERCY UNIVERSITY
386,CENTRAL COLLEGE
387,NORTH IOWA AREA COMMUNITY COLLEGE
388,WARTBURG THEOLOGICAL SEMINARY
389,CLARKE UNIVERSITY
390,MARSHALLTOWN COMMUNITY COLLEGE
391,MAHARISHI UNIVERSITY OF MANAGEMENT
392,NORTHWESTERN COLLEGE
393,IOWA CENTRAL COMMUNITY COLLEGE
394,WARTBURG COLLEGE
395,LORAS COLLEGE
396,BOISE STATE UNIVERSITY
397,NORTH IDAHO COLLEGE
398,BRIGHAM YOUNG UNIVERSITY�IDAHO
399,LEWIS-CLARK STATE COLLEGE
400,GEORGE FOX UNIVERSITY
401,NORTHWEST NAZARENE UNIVERSITY
402,COLLEGE OF SOUTHERN IDAHO
403,IDAHO STATE UNIVERSITY
404,COLLEGE OF IDAHO
405,UNIVERSITY OF IDAHO
406,NORTHERN ILLINOIS UNIVERSITY
407,WAUBONSEE COMMUNITY COLLEGE
408,SAUK VALLEY COMMUNITY COLLEGE
409,SOUTHEASTERN ILLINOIS COLLEGE
410,DEPAUL UNIVERSITY
411,BLACK HAWK COLLEGE
412,MCHENRY COUNTY COLLEGE
413,UNIVERSITY OF INDIANAPOLIS
414,AUGUSTANA COLLEGE
415,BENEDICTINE COLLEGE
416,SCHOOL OF THE ART INSTITUTE OF CHICAGO
417,WHEATON COLLEGE
418,MILLIKIN UNIVERSITY
419,LEWIS UNIVERSITY
420,PRAIRIE STATE COLLEGE
421,COLUMBIA COLLEGE CHICAGO
422,UNIVERSITY OF CHICAGO
423,JUDSON UNIVERSITY
424,LAKE FOREST COLLEGE
425,HIGHLAND COMMUNITY COLLEGE
426,ELGIN COMMUNITY COLLEGE
427,ELMHURST COLLEGE
428,RICHLAND COMMUNITY COLLEGE
429,ROSALIND FRANKLIN UNIVERSITY OF MEDICINE AND SCIENCE
430,ILLINOIS STATE UNIVERSITY
431,CONCORDIA UNIVERSITY-CHICAGO
432,ROOSEVELT UNIVERSITY
433,UNIVERSITY OF ILLINOIS AT CHICAGO
434,UNIVERSITY OF ILLINOIS AT URBANA-CHAMPAIGN
435,SOUTHERN ILLINOIS UNIVERSITY AT EDWARDSVILLE
436,BRADLEY UNIVERSITY
437,LEWIS AND CLARK COMMUNITY COLLEGE
438,HEARTLAND COMMUNITY COLLEGE
439,BENEDICTINE UNIVERSITY
440,KASKASKIA COLLEGE
441,KISHWAUKEE COLLEGE
442,OAKTON COMMUNITY COLLEGE
443,MONMOUTH COLLEGE
444,LINCOLN COLLEGE
445,LOYOLA UNIVERSITY CHICAGO
446,NORTHWESTERN UNIVERSITY
447,MCKENDREE UNIVERSITY
448,ILLINOIS WESLEYAN UNIVERSITY
449,GOVERNORS STATE UNIVERSITY
450,PARKLAND COLLEGE
451,SOUTHERN ILLINOIS UNIVERSITY SCHOOL OF MEDICINE
452,LINCOLN LAND COMMUNITY COLLEGE
453,CHICAGO STATE UNIVERSITY
454,CITY COLLEGES OF CHICAGO-HAROLD WASHINGTON COLLEGE
455,PRINCIPIA COLLEGE
456,MORAINE VALLEY COMMUNITY COLLEGE
457,COLLEGE OF LAKE COUNTY
458,ROCKFORD COLLEGE
459,GREENVILLE COLLEGE
460,AURORA UNIVERSITY
461,SPERTUS COLLEGE
462,ROBERT MORRIS UNIVERSITY ILLINOIS
463,OLIVET NAZARENE UNIVERSITY
464,SAINT XAVIER UNIVERSITY
465,SOUTHERN ILLINOIS UNIVERSITY AT CARBONDALE
466,UNIVERSITY OF ILLINOIS AT SPRINGFIELD
467,UNIVERSITY OF ST FRANCIS
468,WESTERN ILLINOIS UNIVERSITY
469,SOUTHWESTERN ILLINOIS COLLEGE
470,ILLINOIS COLLEGE
471,SAINT MEINRAD SCHOOL OF THEOLOGY
472,INDIANA UNIVERSITY-KOKOMO
473,INDIANA UNIVERSITY-NORTHWEST
474,PURDUE UNIVERSITY
475,BALL STATE UNIVERSITY
476,PURDUE UNIVERSITY-CALUMET CAMPUS
477,VALPARAISO UNIVERSITY
478,EARLHAM COLLEGE
479,DEPAUW UNIVERSITY
480,INDIANA UNIVERSITY
481,INDIANA INSTITUTE OF TECHNOLOGY
482,INDIANA UNIVERSITY-EAST
483,MANCHESTER UNIVERSITY
484,GOSHEN COLLEGE
485,UNIVERSITY OF NOTRE DAME
486,HANOVER COLLEGE
487,ANDERSON UNIVERSITY
488,BUTLER UNIVERSITY
489,HUNTINGTON UNIVERSITY
490,OAKLAND CITY UNIVERSITY
491,FRANKLIN COLLEGE
492,TRINE UNIVERSITY
493,SAINT JOSEPHS COLLEGE
494,TAYLOR UNIVERSITY
495,SAINT MARY'S COLLEGE
496,UNIVERSITY OF SOUTHERN INDIANA
497,INDIANA UNIVERSITY-SOUTHEAST
498,SAINT MARY-OF-THE-WOODS COLLEGE
499,INDIANA STATE UNIVERSITY
500,HOLY CROSS COLLEGE
501,INDIANA UNIVERSITY-PURDUE UNIVERSITY-FORT WAYNE
502,WABASH COLLEGE
503,UNIVERSITY OF CONNECTICUT AT STAMFORD
504,BETHANY COLLEGE
505,UNIVERSITY OF KANSAS
506,WASHBURN UNIVERSITY
507,PRATT COMMUNITY COLLEGE
508,EMPORIA STATE UNIVERSITY
509,FRIENDS UNIVERSITY
510,HASKELL INDIAN NATIONS UNIVERSITY
511,KANSAS STATE UNIVERSITY
512,KANSAS WESLEYAN UNIVERSITY
513,BETHEL COLLEGE
514,KANSAS CITY KANSAS COMMUNITY COLLEGE
515,PITTSBURG STATE UNIVERSITY
516,WICHITA STATE UNIVERSITY
517,MCPHERSON COLLEGE
518,FORT HAYS STATE UNIVERSITY
519,BAKER UNIVERSITY
520,BARTON COUNTY COMMUNITY COLLEGE
521,NEWMAN UNIVERSITY
522,STERLING COLLEGE
523,UNIVERSITY OF LOUISVILLE
524,BRESCIA UNIVERSITY
525,GEORGETOWN COLLEGE
526,EASTERN KENTUCKY UNIVERSITY
527,HOPKINSVILLE COMMUNITY COLLEGE
528,ASBURY UNIVERSITY
529,BEREA COLLEGE
530,KENTUCKY STATE UNIVERSITY
531,MURRAY STATE UNIVERSITY
532,MOREHEAD STATE UNIVERSITY
533,UNIVERSITY OF THE CUMBERLANDS
534,BIG SANDY COMMUNITY AND TECHNICAL COLLEGE
535,THOMAS MORE COLLEGE
536,WESTERN KENTUCKY UNIVERSITY
537,HENDERSON COMMUNITY COLLEGE
538,LOUISVILLE PRESBYTERIAN THEOLOGICAL SEMINARY
539,SPALDING UNIVERSITY
540,CENTRE COLLEGE
541,SOUTHERN BAPTIST THEOLOGICAL SEMINARY
542,JEFFERSON COMMUNITY AND TECHNICAL COLLEGE
543,LINDSEY WILSON COLLEGE
544,BELLARMINE UNIVERSITY
545,TRANSYLVANIA UNIVERSITY
546,ELIZABETHTOWN COMMUNITY AND TECHNICAL COLLEGE
547,NORTHERN KENTUCKY UNIVERSITY
548,UNIVERSITY OF KENTUCKY
549,CAMPBELLSVILLE UNIVERSITY
550,MCNEESE STATE UNIVERSITY
551,NICHOLLS STATE UNIVERSITY
552,XAVIER UNIVERSITY OF LOUISIANA
553,NORTHWESTERN STATE UNIVERSITY OF LOUISIANA
554,TULANE UNIVERSITY
555,UNIVERSITY OF LOUISIANA AT LAFAYETTE
556,LOYOLA UNIVERSITY-NEW ORLEANS
557,BOSSIER PARISH COMMUNITY COLLEGE
558,GRAMBLING STATE UNIVERSITY
559,DELGADO COMMUNITY COLLEGE
560,LOUISIANA STATE UNIVERSITY AND AGRICULTURAL & MECHANICAL COLLEGE
561,LOUISIANA TECH UNIVERSITY
562,CENTENARY COLLEGE OF LOUISIANA
563,UNIVERSITY OF LOUISIANA-MONROE
564,UNIVERSITY OF NEW ORLEANS
565,LOUISIANA STATE UNIVERSITY IN SHREVEPORT
566,SOUTHERN UNIVERSITY AT SHREVEPORT
567,SOUTHEASTERN LOUISIANA UNIVERSITY
568,WELLESLEY COLLEGE
569,BRANDIES UNIVERSITY
570,AMHERST COLLEGE
571,SPRINGFIELD TECHNICAL COMMUNITY COLLEGE
572,MASSACHUSETTS COLLEGE OF ART AND DESIGN
573,WESTFIELD STATE UNIVERSITY
574,ANNA MARIA COLLEGE
575,WESTERN NEW ENGLAND UNIVERSITY
576,NORTHERN ESSEX COMMUNITY COLLEGE
577,COLLEGE OF OUR LADY OF THE ELMS
578,BOSTON UNIVERSITY
579,SMITH COLLEGE
580,REGIS COLLEGE
581,WENTWORTH INSTITUTE OF TECHNOLOGY
582,UNIVERSITY OF MASSACHUSETTS
583,WILLIAMS COLLEGE
584,FRAMINGHAM STATE UNIVERSITY
585,MOUNT WACHUSETT COMMUNITY COLLEGE
586,EMMANUEL COLLEGE
587,LESLEY UNIVERSITY
588,GORDON COLLEGE
589,HAMPSHIRE COLLEGE
590,UNIVERSITY OF MASSACHUSETTS-BOSTON
591,MASSACHUSETTS INSTITUTE OF TECHNOLOGY
592,ENDICOTT COLLEGE
593,CAPE COD COMMUNITY COLLEGE
594,BARD COLLEGE AT SIMON'S ROCK
595,EMERSON COLLEGE
596,COLLEGE OF THE HOLY CROSS
597,BECKER COLLEGE
598,BERKSHIRE COMMUNITY COLLEGE
599,WORCESTER STATE UNIVERSITY
600,BUNKER HILL COMMUNITY COLLEGE
601,BENTLEY UNIVERSITY
602,MASSACHUSETTS COLLEGE OF LIBERAL ARTS
603,BOSTON COLLEGE
604,MONTSERRAT COLLEGE OF ART
605,MOUNT HOLYOKE COLLEGE
606,UNIVERSITY OF MASSACHUSETTS - AMHERST
607,WORCESTER POLYTECHNIC INSTITUTE
608,ROXBURY COMMUNITY COLLEGE
609,BRANDEIS UNIVERSITY
610,SCHOOL OF THE MUSEUM OF FINE ARTS-BOSTON
611,GREENFIELD COMMUNITY COLLEGE
612,SUFFOLK UNIVERSITY
613,HOLYOKE COMMUNITY COLLEGE
614,WHEELOCK COLLEGE
615,TUFTS UNIVERSITY
616,BRIDGEWATER STATE UNIVERSITY
617,LASELL COLLEGE
618,SPRINGFIELD COLLEGE
619,SALEM STATE UNIVERSITY
620,TOWSON UNIVERSITY
621,"UNIVERSITY OF MARYLAND, BALTIMORE COUNTY"
622,ANNE ARUNDEL COMMUNITY COLLEGE
623,HOWARD COMMUNITY COLLEGE
624,UNIVERSITY OF MARYLAND AT COLLEGE PARK
625,SALISBURY UNIVERSITY
626,CARROLL COMMUNITY COLLEGE
627,UNIVERSITY OF MARYLAND-UNIVERSITY COLLEGE
628,SAINT MARY'S COLLEGE OF MARYLAND
629,COPPIN STATE UNIVERSITY
630,MARYLAND INSTITUTE COLLEGE OF ART
631,BOWIE STATE UNIVERSITY
632,UNIVERSITY OF MARYLAND AT BALTIMORE
633,ST JOHN'S COLLEGE OF NURSING
634,CECIL COLLEGE
635,JOHNS HOPKINS UNIVERSITY
636,FROSTBURG STATE UNIVERSITY
637,THE COMMUNITY COLLEGE OF BALTIMORE
638,NOTRE DAME OF MARYLAND UNIVERSITY
639,HARFORD COMMUNITY COLLEGE
640,HOOD COLLEGE
641,MORGAN STATE UNIVERSITY
642,LOYOLA UNIVERSITY MARYLAND
643,MONTGOMERY COLLEGE
644,WASHINGTON COLLEGE
645,PRINCE GEORGE'S COMMUNITY COLLEGE
646,FREDERICK COMMUNITY COLLEGE
647,SAINT JOHN'S COLLEGE
648,UNIVERSITY OF MARYLAND EASTERN SHORE
649,MCDANIEL COLLEGE
650,GOUCHER COLLEGE
651,UNIVERSITY OF BALTIMORE
652,STEVENSON UNIVERSITY
653,MOUNT ST MARY'S UNIVERSITY
654,COLLEGE OF SOUTHERN MARYLAND
655,UNIVERSITY OF SOUTHERN MAINE
656,UNIVERSITY OF MAINE AT MACHIAS
657,BATES COLLEGE
658,MAINE COLLEGE OF ART
659,UNIVERSITY OF MAINE AT FORT KENT
660,BOWDOIN COLLEGE
661,COLBY COLLEGE
662,COLLEGE OF THE ATLANTIC
663,UNIVERSITY OF MAINE
664,EASTERN MAINE COMMUNITY COLLEGE
665,UNIVERSITY OF MAINE AT PRESQUE ISLE
666,SOUTHERN MAINE COMMUNITY COLLEGE
667,THOMAS COLLEGE
668,UNIVERSITY OF MAINE AT FARMINGTON
669,UNIVERSITY OF NEW ENGLAND
670,HUSSON UNIVERSITY
671,MICHIGAN STATE UNIVERSITY
672,ANDREWS UNIVERSITY
673,LAKE SUPERIOR STATE UNIVERSITY
674,ALBION COLLEGE
675,WAYNE COUNTY COMMUNITY COLLEGE DISTRICT
676,FERRIS STATE UNIVERSITY
677,MUSKEGON COMMUNITY COLLEGE
678,CALVIN COLLEGE
679,CENTRAL MICHIGAN UNIVERSITY
680,COLLEGE FOR CREATIVE STUDIES
681,MOTT COMMUNITY COLLEGE
682,CRANBROOK ACADEMY OF ART
683,HOPE COLLEGE
684,NORTHWESTERN MICHIGAN COLLEGE
685,UNIVERSITY OF MICHIGAN
686,NORTHERN MICHIGAN UNIVERSITY
687,EASTERN MICHIGAN UNIVERSITY
688,UNIVERSITY OF MICHIGAN-DEARBORN
689,ALMA COLLEGE
690,DELTA COLLEGE
691,MARYGROVE COLLEGE
692,WESTERN MICHIGAN UNIVERSITY
693,AQUINAS COLLEGE
694,WASHTENAW COMMUNITY COLLEGE
695,SPRING ARBOR UNIVERSITY
696,GRAND VALLEY STATE UNIVERSITY
697,GRAND RAPIDS COMMUNITY COLLEGE
698,WAYNE STATE UNIVERSITY
699,KETTERING UNIVERSITY
700,MONTCALM COMMUNITY COLLEGE
701,UNIVERSITY OF SOUTHERN MAINE PLANETARIUM
702,KALAMAZOON VALLEY COMMUNITY COLLEGE
703,SIENA HEIGHTS UNIVERSITY
704,SCHOOLCRAFT COLLEGE
705,WEST SHORE COMMUNITY COLLEGE
706,SAGINAW VALLEY STATE UNIVERSITY
707,OAKLAND UNIVERSITY
708,UNIVERSITY OF DETROIT MERCY
709,JACKSON COLLEGE
710,HENRY FORD COMMUNITY COLLEGE
711,SOUTHWESTERN MICHIGAN COLLEGE
712,ST CLAIR COUNTY COMMUNITY COLLEGE
713,MID MICHIGAN COMMUNITY COLLEGE
714,UNIVERSITY OF MICHIGAN-FLINT
715,SOUTHWEST MINNESOTA STATE UNIVERSITY
716,UNIVERSITY OF ST THOMAS
717,NORTHLAND COMMUNITY AND TECHNICAL COLLEGE
718,RIDGEWATER COLLEGE
719,COLLEGE OF SAINT BENEDICT
720,CARLETON COLLEGE
721,ST CATHERINE UNIVERSITY
722,MINNESOTA STATE COMMUNITY AND TECHNICAL COLLEGE
723,AUGSBURG COLLEGE
724,CONCORDIA UNIVERSITY-SAINT PAUL
725,MINNESOTA STATE UNIVERSITY-MANKATO
726,CONCORDIA COLLEGE AT MOORHEAD
727,UNIVERSITY OF NORTHWESTERN-ST PAUL
728,SAINT CLOUD STATE UNIVERSITY
729,SAINT OLAF COLLEGE
730,UNIVERSITY OF MINNESOTA
731,CENTRAL LAKES COLLEGE-BRAINERD
732,NORTH HENNEPIN COMMUNITY COLLEGE
733,UNIVERSITY OF MINNESOTA - DULUTH
734,METROPOLITAN STATE UNIVERSITY
735,ANOKA-RAMSEY COMMUNITY COLLEGE
736,GUSTAVUS ADOLPHUS COLLEGE
737,UNIVERSITY OF MINNESOTA-MORRIS
738,INVER HILLS COMMUNITY COLLEGE
739,RIVERLAND COMMUNITY COLLEGE
740,BETHEL UNIVERSITY
741,LAKE SUPERIOR COLLEGE
742,MACALESTER COLLEGE
743,SAINT MARY'S UNIVERSITY OF MINNESOTA
744,SOUTH CENTRAL COLLEGE
745,MINNEAPOLIS COLLEGE OF ART AND DESIGN
746,MINNESOTA STATE UNIVERSITY-MOORHEAD
747,NORMANDALE COMMUNITY COLLEGE
748,WINONA STATE UNIVERSITY
749,BEMIDJI STATE UNIVERSITY
750,SAINT JOHNS UNIVERSITY
751,HAMLINE UNIVERSITY
752,BETHANY LUTHERAN COLLEGE
753,JEFFERSON COLLEGE
754,CENTRAL METHODIST UNIVERSITY
755,EVANGEL UNIVERSITY
756,NORTHWEST MISSOURI STATE UNIVERSITY
757,MARYVILLE UNIVERSITY
758,PARK UNIVERSITY
759,METROPOLITAN COMMUNITY COLLEGE-KANSAS CITY
760,SAINT LOUIS COMMUNITY COLLEGE
761,SAINT LOUIS UNIVERSITY
762,STATE FAIR COMMUNITY COLLEGE
763,STEPHENS COLLEGE
764,TRUMAN STATE UNIVERSITY
765,HARRIS-STOWE STATE UNIVERSITY
766,NORTH CENTRAL MISSOURI COLLEGE
767,SOUTHWEST BAPTIST UNIVERSITY
768,EAST CENTRAL COLLEGE
769,MOBERLY AREA COMMUNITY COLLEGE
770,FONTBONNE UNIVERSITY
771,UNIVERSITY OF MISSOURI-ST. LOUIS
772,UNIVERSITY OF MISSOURI-COLUMBIA
773,ROCKHURST UNIVERSITY
774,COLUMBIA COLLEGE
775,HANNIBAL-LAGRANGE UNIVERSITY
776,SOUTHEAST MISSOURI STATE UNIVERSITY
777,WEBSTER UNIVERSITY
778,KANSAS CITY ART INSTITUTE
779,CROWDER COLLEGE
780,WASHINGTON UNIVERSITY
781,MISSOURI UNIVERSITY OF SCIENCE AND TECHNOLOGY
782,A T STILL UNIVERSITY OF HEALTH SCIENCES
783,WESTMINSTER COLLEGE
784,UNIVERSITY OF MISSOURI-KANSAS CITY
785,MISSOURI BAPTIST UNIVERSITY
786,DRURY UNIVERSITY
787,MISSOURI WESTERN STATE UNIVERSITY
788,COLLEGE OF THE OZARKS
789,ST CHARLES COMMUNITY COLLEGE
790,MISSOURI SOUTHERN STATE UNIVERSITY
791,MISSOURI STATE UNIVERSITY- SPRINGFIELD
792,AVILA UNIVERSITY
793,THREE RIVERS COMMUNITY COLLEGE
794,UNIVERSITY OF CENTRAL MISSOURI
795,MISSOURI VALLEY COLLEGE
796,MISSISSIPPI UNIVERSITY FOR WOMEN
797,NORTHEAST MISSISSIPPI COMMUNITY COLLEGE
798,UNIVERSITY OF MISSISSIPPI
799,MISSISSIPPI STATE UNIVERSITY
800,JONES COUNTY JUNIOR COLLEGE
801,DELTA STATE UNIVERSITY
802,MISSISSIPPI GULF COAST COMMUNITY COLLEGE
803,ITAWAMBA COMMUNITY COLLEGE
804,UNIVERSITY OF SOUTHERN MISSISSIPPI
805,MILLSAPS COLLEGE
806,WILLIAM CAREY UNIVERSITY
807,JACKSON STATE UNIVERSITY
808,HINDS COMMUNITY COLLEGE
809,MISSISSIPPI COLLEGE
810,COPIAH-LINCOLN COMMUNITY COLLEGE
811,NORTHWEST MISSISSIPPI COMMUNITY COLLEGE
812,PEARL RIVER COMMUNITY COLLEGE
813,TOUGALOO COLLEGE
814,CARROLL COLLEGE
815,UNIVERSITY OF MONTANA
816,UNIVERSITY OF GREAT FALLS
817,DAWSON COMMUNITY COLLEGE
818,MONTANA STATE UNIVERSITY- NORTHERN
819,MONTANA STATE UNIVERSITY
820,MONTANA TECH OF THE UNIVERSITY OF MONTANA
821,MONTANA STATE UNIVERSITY- BILLINGS
822,ROCKY MOUNTAIN COLLEGE
823,UNIVERSITY OF MONTANA WESTERN
824,UNIVERSITY OF NORTH CAROLINA AT CHAPEL HILL
825,LENOIR-RHYNE UNIVERSITY
826,BARTON COLLEGE
827,BENNETT COLLEGE FOR WOMEN
828,UNIVERSITY OF NORTH CAROLINA AT WILMINGTON
829,UNIVERSITY OF NORTH CAROLINA AT ASHEVILLE
830,NORTH CAROLINA CENTRAL UNIVERSITY
831,APPALACHIAN STATE UNIVERSITY
832,WAKE FOREST UNIVERSITY
833,NORTH CAROLINA STATE UNIVERSITY
834,HIGH POINT UNIVERSITY
835,DAVIDSON COLLEGE
836,WINSTON-SALEM STATE UNIVERSITY
837,ELIZABETH CITY STATE UNIVERSITY
838,ELON UNIVERSITY
839,CAMPBELL UNIVERSITY
840,FAYETTEVILLE STATE UNIVERSITY
841,WESTERN CAROLINA UNIVERSITY
842,JOHNSTON COMMUNITY COLLEGE
843,MEREDITH COLLEGE
844,UNIVERSITY OF NORTH CAROLINA AT GREENSBORO
845,CHOWAN UNIVERSITY
846,NORTH CAROLINA STATE UNIVERSITY AT RALEIGH
847,GUILFORD COLLEGE
848,MONTREAT COLLEGE
849,HAYWOOD COMMUNITY COLLEGE
850,DUKE UNIVERSITY
851,JOHNSON UNIVERSITY
852,GREENSBORO COLLEGE
853,LOUISBURG COLLEGE
854,MITCHELL COMMUNITY COLLEGE
855,NORTH CAROLINA WESLEYAN COLLEGE
856,NORTH CAROLINA A & T STATE UNIVERSITY
857,UNIVERSITY OF NORTH CAROLINA AT PEMBROKE
858,COLLEGE OF THE ALBEMARLE
859,WESTERN PIEDMONT COMMUNITY COLLEGE
860,UNIVERSITY OF NORTH CAROLINA AT CHARLOTTE
861,SANDHILLS COMMUNITY COLLEGE
862,BREVARD COLLEGE
863,NORTH CAROLINA A&T STATE UNIVERSITY
864,SOUTHEASTERN COMMUNITY COLLEGE
865,MARS HILL COLLEGE
866,GARDNER-WEBB UNIVERSITY
867,CAPE FEAR COMMUNITY COLLEGE
868,UNIVERSITY OF NORTH DAKOTA
869,DICKINSON STATE UNIVERSITY
870,BISMARCK STATE COLLEGE
871,MINOT STATE UNIVERSITY
872,NORTH DAKOTA STATE UNIVERSITY
873,VALLEY CITY STATE UNIVERSITY
874,MAYVILLE STATE UNIVERSITY
875,WAYNE STATE COLLEGE
876,NEBRASKA WESLEYAN UNIVERSITY
877,UNIVERSITY OF NEBRASKA-LINCOLN
878,YORK COLLEGE
879,THE CREATIVE CENTER
880,CHADRON STATE COLLEGE
881,DOANE COLLEGE-CRETE
882,METROPOLITAN COMMUNITY COLLEGE AREA
883,UNIVERSITY OF NEBRASKA AT KEARNEY
884,HASTINGS COLLEGE
885,COLLEGE OF SAINT MARY
886,UNION COLLEGE
887,CREIGHTON UNIVERSITY
888,MIDLAND UNIVERSITY
889,UNIVERSITY OF NEBRASKA-OMAHA
890,CONCORDIA UNIVERSITY
891,DOANE COLLEGE-LINCOLN GRAND ISLAND AND MASTER
892,WESTERN NEBRASKA COMMUNITY COLLEGE
893,MID-PLAINS COMMUNITY COLLEGE
894,NEW HAMPSHIRE INSTITUTE OF ART
895,RIVIER UNIVERSITY
896,SAINT ANSELM COLLEGE
897,UNIVERSITY OF NEW HAMPSHIRE AT MANCHESTER
898,DARTMOUTH COLLEGE
899,UNIVERSITY OF NEW HAMPSHIRE
900,PLYMOUTH STATE UNIVERSITY
901,COLBY-SAWYER COLLEGE
902,SOUTHERN NEW HAMPSHIRE UNIVERSITY
903,NEW ENGLAND COLLEGE
904,KEENE STATE COLLEGE
905,FRANKLIN PIERCE UNIVERSITY
906,SUSSEX COUNTY COMMUNITY COLLEGE
907,ATLANTIC CAPE COMMUNITY COLLEGE
908,WILLIAM PATERSON COLLEGE OF NEW JERSEY
909,CAMDEN COUNTY COLLEGE
910,BLOOMFIELD COLLEGE
911,PASSAIC COUNTY COMMUNITY COLLEGE
912,COUNTY COLLEGE OF MORRIS
913,THE COLLEGE OF NEW JERSEY
914,GLOUCESTER COUNTY COLLEGE
915,ROWAN UNIVERSITY
916,DREW UNIVERSITY
917,PRINCETON THEOLOGICAL SEMINARY
918,PRINCETON UNIVERSITY
919,MERCER COUNTY COMMUNITY COLLEGE
920,RUTGERS UNIVERSITY
921,MONTCLAIR STATE UNIVERSITY
922,NEW JERSEY CITY UNIVERSITY
923,KEAN UNIVERSITY
924,RAMAPO COLLEGE OF NEW JERSEY
925,MONMOUTH UNIVERSITY
926,RARITAN VALLEY COMMUNITY COLLEGE
927,OCEAN COUNTY COLLEGE
928,RIDER UNIVERSITY
929,FELICIAN COLLEGE
930,SAINT PETER'S UNIVERSITY
931,GEORGIAN COURT UNIVERSITY
932,RUTGERS UNIVERSITY-CAMDEN
933,THE RICHARD STOCKTON COLLEGE OF NEW JERSEY
934,BURLINGTON COUNTY COLLEGE
935,MIDDLESEX COUNTY COLLEGE
936,UNION COUNTY COLLEGE
937,CALDWELL COLLEGE
938,SETON HALL UNIVERSITY
939,EASTERN NEW MEXICO UNIVERSITY
940,CLOVIS COMMUNITY COLLEGE
941,NEW MEXICO STATE UNIVERSITY-DONA ANA
942,WESTERN NEW MEXICO UNIVERSITY
943,NEW MEXICO MILITARY INSTITUTE
944,UNIVERSITY OF NEW MEXICO AT TAOS
945,UNIVERSITY OF NEW MEXICO
946,UNIVERSITY OF NEW MEXICO-VALENCIA COUNTY CAMPUS
947,MESALANDS COMMUNITY COLLEGE
948,NEW MEXICO INSTITUTE OF MINING AND TECHNOLOGY
949,SAN JUAN COLLEGE
950,NEW MEXICO STATE UNIVERSITY-MAIN CAMPUS
951,NEW MEXICO JUNIOR COLLEGE
952,COLLEGE OF SOUTHERN NEVADA
953,UNIVERSITY OF NEVADA AT LAS VEGAS
954,GREAT BASIN COLLEGE
955,TRUCKEE MEADOWS COMMUNITY COLLEGE
956,UNIVERSITY OF NEVADA AT RENO
957,SIERRA NEVADA COLLEGE
958,ADELPHI UNIVERSITY
959,SUNY COLLEGE AT OLD WESTBURY
960,MARIST COLLEGE
961,COLLEGE OF STATEN ISLAND CUNY
962,CUNY KINGSBOROUGH COMMUNITY COLLEGE
963,CUNY BROOKLYN COLLEGE
964,LIU BROOKLYN
965,LIU BRENTWOOD
966,SUNY AT BINGHAMTON
967,ST THOMAS AQUINAS COLLEGE
968,SARAH LAWRENCE COLLEGE
969,BARD COLLEGE
970,SUNY AT GENESEO
971,SUNY COLLEGE AT CORTLAND
972,BRIARCLIFFE COLLEGE
973,IONA COLLEGE
974,SUNY COLLEGE AT BUFFALO
975,ST FRANCIS COLLEGE
976,UNIVERSITY OF BRIDGEPORT
977,NIAGARA UNIVERSITY
978,SUNY WESTCHESTER COMMUNITY COLLEGE
979,CAZENOVIA COLLEGE
980,PACE UNIVERSITY-NEW YORK
981,CLINTON COMMUNITY COLLEGE
982,NAZARETH COLLEGE
983,CUNY CITY COLLEGE
984,CORNELL UNIVERSITY
985,CORNING COMMUNITY COLLEGE
986,DAEMEN COLLEGE
987,ROBERTS WESLEYAN COLLEGE
988,ST. JOHN'S UNIVERSITY�
989,TROCAIRE COLLEGE
990,UTICA COLLEGE
991,HOFSTRA UNIVERSITY HEMPSTEAD
992,THE COLLEGE OF SAINT ROSE
993,SAINT BONAVENTURE UNIVERSITY
994,NASSAU COMMUNITY COLLEGE
995,FORDHAM UNIVERSITY
996,HARTWICK COLLEGE
997,JAMESTOWN COMMUNITY COLLEGE
998,ALFRED UNIVERSITY
999,CUNY QUEENS COLLEGE
1000,VASSAR COLLEGE
1001,SKIDMORE COLLEGE
1002,ONONDAGA COMMUNITY COLLEGE
1003,JEFFERSON COMMUNITY COLLEGE
1004,SUNY BROOME COMMUNITY COLLEGE
1005,ELMIRA COLLEGE
1006,NEW YORK UNIVERSITY
1007,SUNY COLLEGE OF AGRICULTURE AND TECHNOLOGY AT COBLESKILL
1008,CUNY BRONX COMMUNITY COLLEGE
1009,ITHACA COLLEGE
1010,HERKIMER COUNTY COMMUNITY COLLEGE
1011,MARYMOUNT MANHATTAN COLLEGE
1012,LONG ISLAND UNIVERSITY
1013,RENSSELAER POLYTECHNIC INSTITUTE
1014,HOBART AND WILLIAM SMITH COLLEGES
1015,CUNY GRADUATE SCHOOL AND UNIVERSITY CENTER
1016,JEWISH THEOLOGICAL SEMINARY OF AMERICA
1017,SYRACUSE UNIVERSITY
1018,CUNY LAGUARDIA COMMUNITY COLLEGE
1019,MERCY COLLEGE
1020,CUNY LEHMAN COLLEGE
1021,HUNTER COLLEGE
1022,MORRISVILLE STATE COLLEGE
1023,CAYUGA COUNTY COMMUNITY COLLEGE
1024,THE SAGE COLLEGES
1025,CUNY HOSTOS COMMUNITY COLLEGE
1026,TEACHERS COLLEGE AT COLUMBIA UNIVERSITY
1027,SUFFOLK COUNTY COMMUNITY COLLEGE
1028,UNIVERSITY OF ROCHESTER
1029,FARMINGDALE STATE COLLEGE
1030,MONROE COMMUNITY COLLEGE
1031,SUNY AT FREDONIA
1032,DUTCHESS COMMUNITY COLLEGE
1033,COLUMBIA UNIVERSITY
1034,MOLLOY COLLEGE
1035,ULSTER COUNTY COMMUNITY COLLEGE
1036,FASHION INSTITUTE OF TECHNOLOGY
1037,STONY BROOK UNIVERSITY
1038,UNITED STATES MERCHANT MARINE ACADEMY
1039,SUNY AT PURCHASE COLLEGE
1040,ROCKLAND COMMUNITY COLLEGE
1041,METROPOLITAN COLLEGE OF NEW YORK
1042,NIAGARA COUNTY COMMUNITY COLLEGE
1043,NEW YORK INSTITUTE OF TECHNOLOGY
1044,HOUGHTON COLLEGE
1045,SAINT JOHN FISHER COLLEGE
1046,RUTGERS UNIVERSITY-NEWARK
1047,VILLA MARIA COLLEGE
1048,FULTON-MONTGOMERY COMMUNITY COLLEGE
1049,CANISIUS COLLEGE
1050,COLGATE UNIVERSITY
1051,PRATT INSTITUTE
1052,CUNY QUEENSBOROUGH COMMUNITY COLLEGE
1053,SAINT LAWRENCE UNIVERSITY
1054,KEUKA COLLEGE
1055,SUNY COLLEGE AT POTSDAM
1056,STATE UNIVERSITY OF NEW YORK COLLEGE OF ENVIRONMENTAL SCIENCE AND FORESTRY
1057,GEORGIA GWINNETT COLLEGE
1058,HAMILTON COLLEGE
1059,SUNY AT NEW PALTZ
1060,SUNY COLLEGE AT ONEONTA
1061,CUNY BOROUGH OF MANHATTAN COMMUNITY COLLEGE
1062,CUNY BERNARD M BARUCH COLLEGE
1063,SIMMONS COLLEGE
1064,SUNY COLLEGE AT PLATTSBURGH
1065,SCHOOL OF VISUAL ARTS
1066,HUDSON VALLEY COMMUNITY COLLEGE
1067,SUNY COLLEGE AT OSWEGO
1068,UNIVERSITY OF BUFFALO
1069,WAGNER COLLEGE
1070,SUNY AT ALBANY
1071,MOHAWK VALLEY COMMUNITY COLLEGE
1072,ADIRONDACK COMMUNITY COLLEGE
1073,SIENA COLLEGE
1074,YESHIVA UNIVERSITY
1075,CUNY YORK COLLEGE
1076,OBERLIN COLLEGE
1077,MARIETTA COLLEGE
1078,LOURDES UNIVERSITY
1079,CLEVELAND STATE UNIVERSITY
1080,ASHLAND UNIVERSITY
1081,UNIVERSITY OF AKRON MAIN CAMPUS
1082,OHIO STATE UNIVERSITY
1083,BOWLING GREEN STATE UNIVERSITY
1084,LAKE ERIE COLLEGE
1085,UNIVERSITY OF TOLEDO
1086,CINCINNATI CHRISTIAN UNIVERSITY
1087,COLLEGE OF WOOSTER
1088,UNIVERSITY OF MOUNT UNION
1089,UNIVERSITY OF CINCINNATI
1090,DENISON UNIVERSITY
1091,TIFFIN UNIVERSITY
1092,KENT STATE UNIVERSITY
1093,CUYAHOGA COMMUNTY COLLEGE
1094,OHIO NORTHERN UNIVERSITY
1095,UNIVERSITY OF RIO GRANDE
1096,OTTERBEIN UNIVERSITY
1097,HIRAM COLLEGE
1098,MALONE UNIVERSITY
1099,ANTIOCH UNIVERSITY-MIDWEST
1100,BLUFFTON UNIVERSITY
1101,KENYON COLLEGE
1102,WILMINGTON COLLEGE
1103,MIAMI UNIVERSITY
1104,HOCKING COLLEGE
1105,YOUNGSTOWN STATE UNIVERSITY
1106,OHIO UNIVERSITY
1107,OHIO WESLEYAN UNIVERSITY
1108,OHIO STATE UNIVERSITY-NEWARK CAMPUS
1109,BOWLING GREEN STATE UNIVERSITY-FIRELANDS
1110,THE UNIVERSITY OF FINDLAY
1111,CENTRAL STATE UNIVERSITY
1112,OHIO UNIVERSITY-EASTERN CAMPUS
1113,UNIVERSITY OF CINCINNATI-CLERMONT COLLEGE
1114,OHIO STATE UNIVERSITY-MANSFIELD CAMPUS
1115,OHIO UNIVERSITY-LANCASTER CAMPUS
1116,CLEVELAND INSTITUTE OF ART
1117,WRIGHT STATE UNIVERSITY-LAKE CAMPUS
1118,MOUNT VERNON NAZARENE UNIVERSITY
1119,CAPITAL UNIVERSITY
1120,SHAWNEE STATE UNIVERSITY
1121,HEBREW UNION COLLEGE-JEWISH INSTITUTE OF RELIGION
1122,WRIGHT STATE UNIVERSITY
1123,COLLEGE OF MOUNT SAINT JOSEPH
1124,FRANCISCAN UNIVERSITY OF STEUBENVILLE
1125,UNIVERSITY OF CINCINNATI-BLUE ASH COLLEGE
1126,OWENS COMMUNITY COLLEGE
1127,URSULINE COLLEGE
1128,OHIO DOMINICAN UNIVERSITY
1129,WIDENER UNIVERSITY-HARRISBURG CAMPUS
1130,DEFIANCE COLLEGE
1131,XAVIER UNIVERSITY
1132,NORTHERN OKLAHOMA COLLEGE
1133,NORTHEASTERN STATE UNIVERSITY
1134,OKLAHOMA STATE UNIVERSITY INSTITUTE OF TECHNOLOGY
1135,UNIVERSITY OF CENTRAL OKLAHOMA
1136,ORAL ROBERTS UNIVERSITY
1137,ROGERS STATE UNIVERSITY
1138,UNIVERSITY OF OKLAHOMA
1139,OKLAHOMA STATE UNIVERSITY
1140,UNIVERSITY OF TULSA
1141,CAMERON UNIVERSITY
1142,OKLAHOMA CITY COMMUNITY COLLEGE
1143,SAINT GREGORY'S UNIVERSITY
1144,OKLAHOMA PANHANDLE STATE UNIVERSITY
1145,OKLAHOMA CITY UNIVERSITY
1146,NORTHEASTERN JUNIOR COLLEGE
1147,SOUTHEASTERN OKLAHOMA STATE UNIVERSITY
1148,EAST CENTRAL UNIVERSITY
1149,NORTHWESTERN OKLAHOMA STATE UNIVERSITY
1150,SOUTHWESTERN OKLAHOMA STATE UNIVERSITY
1151,TULSA COMMUNITY COLLEGE
1152,OKLAHOMA CHRISTIAN UNIVERSITY
1153,CONNORS STATE COLLEGE
1154,PACIFIC NORTHWEST COLLEGE OF ART
1155,CLACKAMAS COMMUNITY COLLEGE
1156,MARYLHURST COLLEGE
1157,BLUE MOUNTAIN COMMUNITY COLLEGE
1158,OREGON COLLEGE OF ART AND CRAFT
1159,REED COLLEGE
1160,ROGUE COMMUNITY COLLEGE
1161,CHEMEKETA COMMUNITY COLLEGE
1162,WILLAMETTE UNIVERSITY
1163,UNIVERSITY OF OREGON
1164,PACIFIC UNIVERSITY
1165,LANE COMMUNITY COLLEGE
1166,LINN-BENTON COMMUNITY COLLEGE
1167,LINFIELD COLLEGE-MCMINNVILLE CAMPUS
1168,OREGON STATE UNIVERSITY
1169,SOUTHERN OREGON UNIVERSITY
1170,EASTERN OREGON UNIVERSITY
1171,PORTLAND STATE UNIVERSITY
1172,CORBAN UNIVERSITY
1173,LEWIS AND CLARK COLLEGE
1174,TILLAMOOK BAY COMMUNITY COLLEGE
1175,UMPQUA COMMUNITY COLLEGE
1176,UNIVERSITY OF PORTLAND
1177,DREXEL UNIVERSITY
1178,PENNSYLVANIA STATE UNIVERSITY
1179,VILLANOVA UNIVERSITY
1180,ARCADIA UNIVERSITY
1181,MUHLENBERG COLLEGE
1182,LAFAYETTE COLLEGE
1183,LYCOMING COLLEGE
1184,WESTMORELAND COUNTY COMMUNITY COLLEGE
1185,MONTGOMERY COUNTY COMMUNITY COLLEGE
1186,DELAWARE VALLEY COLLEGE
1187,UNIVERSITY OF PENNSYLVANIA
1188,MOORE COLLEGE OF ART AND DESIGN
1189,CHEYNEY UNIVERSITY OF PENNSYLVANIA
1190,ALLEGHENY COLLEGE
1191,SHIPPENSBURG UNIVERSITY OF PENNSYLVANIA
1192,BRYN MAWR COLLEGE
1193,LA ROCHE COLLEGE
1194,CARLOW UNIVERSITY
1195,IMMACULATA UNIVERSITY
1196,CHATHAM UNIVERSITY
1197,MARYWOOD COLLEGE
1198,MERCYHURST UNIVERSITY
1199,UNIVERSITY OF PITTSBURGH
1200,LEHIGH UNIVERSITY
1201,DUQUESNE UNIVERSITY
1202,CHESTNUT HILL COLLEGE
1203,EDINBORO UNIVERSITY OF PENNSYLVANIA
1204,TEMPLE UNIVERSITY
1205,ALBRIGHT COLLEGE
1206,PENNSYLVANIA STATE UNIVERSITY-PENN STATE BERKS
1207,DELAWARE COUNTY COMMUNITY COLLEGE
1208,PENNSYLVANIA COLLEGE OF TECHNOLOGY
1209,GANNON UNIVERSITY
1210,WEST CHESTER UNIVERSITY
1211,COMMUNITY COLLEGE OF PHILADELPHIA
1212,ACADEMY OF THE NEW CHURCH
1213,"BLOOMSBURG UNIVERSITY OF PENNSYLVANIA, BLOOMSBURG"
1214,HAVERFORD COLLEGE
1215,ELIZABETHTOWN COLLEGE
1216,BUCKS COUNTY COMMUNITY COLLEGE
1217,UNIVERSITY OF SCRANTON
1218,CARNEGIE MELLON UNIVERSITY
1219,EASTERN UNIVERSITY
1220,PITTSBURGH THEOLOGICAL SEMINARY
1221,INDIANA UNIVERSITY OF PENNSYLVANIA
1222,UNIVERSITY OF PITTSBURGH-BRADFORD
1223,LA SALLE UNIVERSITY
1224,CEDAR CREST COLLEGE
1225,ROSEMONT COLLEGE
1226,POINT PARK UNIVERSITY
1227,KEYSTONE COLLEGE
1228,SWARTHMORE COLLEGE
1229,MANSFIELD UNIVERSITY OF PENNSYLVANIA
1230,SUSQUEHANNA UNIVERSITY
1231,MESSIAH COLLEGE
1232,SLIPPERY ROCK UNIVERSITY OF PENNSYLVANIA
1233,UNIVERSITY OF THE SCIENCES
1234,BUTLER COUNTY COMMUNITY COLLEGE
1235,MARYWOOD UNIVERSITY
1236,EAST STROUDSBURG UNIVERSITY OF PENNSYLVANIA
1237,ALVERNIA UNIVERSITY
1238,PENNSYLVANIA ACADEMY OF THE FINE ARTS
1239,JUNIATA COLLEGE
1240,NEUMANN UNIVERSITY
1241,FRANKLIN AND MARSHALL COLLEGE
1242,WASHINGTON AND JEFFERSON COLLEGE
1243,PHILADELPHIA UNIVERSITY
1244,WAYNESBURG UNIVERSITY
1245,MORAVIAN COLLEGE
1246,WIDENER UNIVERSITY
1247,URSINUS COLLEGE
1248,HARRISBURG AREA COMMUNITY COLLEGE
1249,UNIVERSITY OF THE ARTS
1250,SAINT VINCENT COLLEGE
1251,BUCKNELL UNIVERSITY
1252,CLARION UNIVERSITY OF PENNSYLVANIA
1253,GETTYSBURG COLLEGE
1254,LUZERNE COUNTY COMMUNITY COLLEGE
1255,SETON HILL UNIVERSITY
1256,KUTZTOWN UNIVERSITY OF PENNSYLVANIA
1257,WILKES UNIVERSITY
1258,SAINT FRANCIS UNIVERSITY
1259,LEBANON VALLEY COLLEGE
1260,MILLERSVILLE UNIVERSITY OF PENNSYLVANIA
1261,DICKINSON COLLEGE
1262,MANOR COLLEGE
1263,SAINT JOSEPH'S UNIVERSITY
1264,THIEL COLLEGE
1265,YORK COLLEGE PENNSYLVANIA
1266,BROWN UNIVERSITY
1267,RHODE ISLAND COLLEGE
1268,JOHNSON AND WALES UNIVERSITY
1269,SALVE REGINA UNIVERSITY
1270,UNIVERSITY OF RHODE ISLAND
1271,COMMUNITY COLLEGE OF RHODE ISLAND
1272,PROVIDENCE COLLEGE
1273,UNITY COLLEGE
1274,RHODE ISLAND SCHOOL OF DESIGN
1275,UNIVERSITY OF SOUTH CAROLINA - AIKEN
1276,COLLEGE OF CHARLESTON
1277,BOB JONES UNIVERSITY
1278,COKER COLLEGE
1279,CITADEL MILITARY COLLEGE OF SOUTH CAROLINA
1280,CLEMSON UNIVERSITY
1281,TRIDENT TECHNICAL COLLEGE
1282,CLINTON COLLEGE
1283,FRANCIS MARION UNIVERSITY
1284,FURMAN UNIVERSITY
1285,UNIVERSITY OF SOUTH CAROLINA-UPSTATE
1286,PRESBYTERIAN COLLEGE
1287,UNIVERSITY OF SOUTH CAROLINA-LANCASTER
1288,SOUTH CAROLINA STATE UNIVERSITY
1289,MEDICAL UNIVERSITY OF SOUTH CAROLINA
1290,WOFFORD COLLEGE
1291,UNIVERSITY OF SOUTH CAROLINA-COLUMBIA
1292,CONVERSE COLLEGE
1293,LANDER UNIVERSITY
1294,COASTAL CAROLINA UNIVERSITY
1295,HORRY-GEORGETOWN TECHNICAL COLLEGE
1296,GREENVILLE TECHNICAL COLLEGE
1297,PIEDMONT TECHNICAL COLLEGE
1298,LIMESTONE COLLEGE
1299,WINTHROP UNIVERSITY
1300,SOUTH DAKOTA SCHOOL OF MINES AND TECHNOLOGY
1301,MOUNT MARTY COLLEGE
1302,UNIVERSITY OF SOUTH DAKOTA
1303,ANGUSTANA COLLEGE
1304,DAKOTA STATE UNIVERSITY
1305,BLACK HILLS STATE UNIVERSITY
1306,NORTHERN STATE UNIVERSITY
1307,KILIAN COMMUNITY COLLEGE
1308,SOUTH DAKOTA STATE UNIVERSITY
1309,UNIVERSITY OF SIOUX FALLS
1310,PRESENTATION COLLEGE
1311,FISK UNIVERSITY
1312,UNIVERSITY OF MEMPHIS
1313,AUSTIN PEAY STATE UNIVERSITY
1314,PELLISSIPPI STATE COMMUNITY COLLEGE
1315,BELMONT UNIVERSITY
1316,CHRISTIAN BROTHERS UNIVERSITY
1317,WALTERS STATE COMMUNITY COLLEGE
1318,CHATTANOOGA STATE COMMUNITY COLLEGE
1319,RHODES COLLEGE
1320,TUSCULUM COLLEGE
1321,VANDERBILT UNIVERSITY
1322,NOSSI COLLEGE OF ART
1323,EAST TENNESSEE STATE UNIVERSITY
1324,UNIVERSITY OF TENNESSEE AT KNOXVILLE
1325,UNIVERSITY OF TENNESSEE AT CHATTANOOGA
1326,TENNESSEE TECHNOLOGICAL UNIVERSITY
1327,LIPSCOMB UNIVERSITY
1328,SOUTHERN ADVENTIST UNIVERSITY
1329,MILLIGAN COLLEGE
1330,ROANE STATE COMMUNITY COLLEGE
1331,CARSON-NEWMAN UNIVERSITY
1332,MIDDLE TENNESSEE STATE UNIVERSITY
1333,COLUMBIA STATE COMMUNITY COLLEGE
1334,TENNESSEE STATE UNIVERSITY
1335,FREED-HARDEMAN UNIVERSITY
1336,UNION UNIVERSITY
1337,UNIVERSITY OF THE SOUTH
1338,UNIVERSITY OF TENNESSEE AT MARTIN
1339,WATKINS COLLEGE OF ART DESIGN & FILM
1340,SAM HOUSTON STATE UNIVERSITY
1341,TEXAS LUTHERAN UNIVERSITY
1342,ABILENE CHRISTIAN UNIVERSITY
1343,PANOLA COLLEGE
1344,AMARILLO COLLEGE
1345,MCMURRY UNIVERSITY
1346,ANGELINA COLLEGE
1347,UNIVERSITY OF TEXAS AT AUSTIN
1348,BAYLOR UNIVERSITY
1349,UNIVERSITY OF TEXAS AT SAN ANTONIO
1350,COLLIN COLLEGE
1351,ANGELO STATE UNIVERSITY
1352,HILL COLLEGE
1353,UNIVERSITY OF DALLAS
1354,UNIVERSITY OF HOUSTON
1355,UNIVERSITY OF TEXAS AT EL PASO
1356,UNIVERSITY OF TEXAS AT ARLINGTON
1357,TARLETON STATE UNIVERSITY
1358,COLLEGE OF THE MAINLAND
1359,UNIVERSITY OF NORTH TEXAS
1360,MCLENNAN COMMUNITY COLLEGE
1361,TEXAS WOMAN'S UNIVERSITY
1362,AUSTIN COLLEGE
1363,LAMAR UNIVERSITY
1364,TARRENT COUNTY COLLEGE
1365,KILGORE COLLEGE
1366,EASTFIELD COLLEGE
1367,SAINT EDWARD'S UNIVERSITY
1368,THE UNIVERSITY OF TEXAS AT TYLER
1369,SCHREINER UNIVERSITY
1370,TEXAS WESLEYAN UNIVERSITY
1371,BROOKHAVEN COLLEGE
1372,PRAIRIE VIEW A & M UNIVERSITY
1373,PARIS JUNIOR COLLEGE
1374,GALVESTON COLLEGE
1375,SOUTHERN METHODIST UNIVERSITY
1376,EL CENTRO COLLEGE
1377,UNIVERSITY OF TEXAS AT DALLAS
1378,HARDIN-SIMMONS UNIVERSITY
1379,TEXAS A & M UNIVERSITY-CORPUS CHRISTI
1380,TEXAS A&M UNIVERSITY-COLLEGE STATION
1381,TEXAS A&M UNIVERSITY-KINGSVILLE
1382,DEL MAR COLLEGE
1383,MIDWESTERN STATE UNIVERSITY
1384,LUBBOCK CHRISTIAN UNIVERSITY
1385,RICE UNIVERSITY
1386,MISERICORDIA UNIVERSITY
1387,STEPHEN F. AUSTIN STATE UNIVERSITY
1388,MIDLAND COLLEGE
1389,TRINITY UNIVERSITY
1390,TEXAS CHRISTIAN UNIVERSITY
1391,HOUSTON BAPTIST UNIVERSITY
1392,TEXAS TECH UNIVERSITY
1393,WAYLAND BAPTIST UNIVERSITY
1394,ALVIN COMMUNITY COLLEGE
1395,TARRENT COUNTY�COLLEGE
1396,UNIVERSITY OF HOUSTON-DOWNTOWN
1397,CENTRAL TEXAS COLLEGE
1398,WEST TEXAS A&M UNIVERSITY
1399,NAVARRO COLLEGE
1400,SOUTH TEXAS COLLEGE
1401,TEXAS A&M UNIVERSITY-COMMERCE
1402,RICHLAND COLLEGE
1403,THE UNIVERSITY OF TEXAS AT BROWNSVILLE
1404,SAN ANTONIO COLLEGE
1405,WESTERN TEXAS COLLEGE
1406,UNIVERSITY OF THE INCARNATE WORD
1407,SUL ROSS STATE UNIVERSITY
1408,BLINN COLLEGE
1409,TEXAS A&M INTERNATIONAL UNIVERSITY
1410,TYLER JUNIOR COLLEGE
1411,TEXAS STATE UNIVERSITY
1412,TEXAS SOUTHERN UNIVERSITY
1413,UNIVERSITY OF HOUSTON-CLEAR LAKE
1414,UNIVERSITY OF TEXAS-PAN AMERICAN
1415,LAREDO COMMUNITY COLLEGE
1416,SOUTHERN UTAH UNIVERSITY
1417,UTAH STATE UNIVERSITY EASTERN
1418,UTAH STATE UNIVERSITY
1419,WEBER STATE UNIVERSITY
1420,DIXIE STATE COLLEGE OF UTAH
1421,SNOW COLLEGE
1422,UNIVERSITY OF UTAH
1423,UTAH VALLEY UNIVERSITY
1424,VIRGINIA COMMONWEALTH UNIVERSITY
1425,COLLEGE OF WILLIAM AND MARY
1426,SOUTHWEST VIRGINIA COMMUNITY COLLEGE
1427,VIRGINIA POLYTECHNIC INSTITUTE AND STATE UNIVERSITY
1428,HAMPTON UNIVERSITY
1429,RADFORD UNIVERSITY
1430,OLD DOMINION UNIVERSITY
1431,MARYMOUNT UNIVERSITY
1432,VIRGINIA MILITARY INSTITUTE
1433,UNIVERSITY OF VIRGINIA
1434,FERRUM COLLEGE
1435,BLUE RIDGE COMMUNITY COLLEGE
1436,EMORY & HENRY COLLEGE
1437,EASTERN MENNONITE UNIVERSITY
1438,LYNCHBURG COLLEGE
1439,CHRISTOPHER NEWPORT UNIVERSITY
1440,WASHINGTON AND LEE UNIVERSITY
1441,JAMES MADISON UNIVERSITY
1442,HOLLINS UNIVERSITY
1443,HAMPDEN-SYDNEY COLLEGE
1444,GEORGE MASON UNIVERSITY
1445,RANDOLPH-MACON COLLEGE
1446,UNIVERSITY OF MARY WASHINGTON
1447,NORFOLK STATE UNIVERSITY
1448,MARY BALDWIN COLLEGE
1449,UNIVERSITY OF RICHMOND
1450,LONGWOOD UNIVERSITY
1451,RANDOLPH COLLEGE
1452,VIRGINIA STATE UNIVERSITY
1453,LIBERTY UNIVERSITY
1454,VIRGINIA WESLEYAN COLLEGE
1455,PIEDMONT VIRGINIA COMMUNITY COLLEGE
1456,NEW RIVER COMMUNITY COLLEGE
1457,ROANOKE COLLEGE
1458,PATRICK HENRY COMMUNITY COLLEGE
1459,BRIDGEWATER COLLEGE
1460,EVERETT COMMUNITY COLLEGE
1461,VOLUNTEER STATE COMMUNITY COLLEGE
1462,MOUNTAIN EMPIRE COMMUNITY COLLEGE
1463,SWEET BRIAR COLLEGE
1464,TIDEWATER COMMUNITY COLLEGE�S VISUAL ARTS CENTER
1465,VIRGINIA WESTERN COMMUNITY COLLEGE
1466,BURLINGTON COLLEGE
1467,MIDDLEBURY COLLEGE
1468,CASTLETON STATE COLLEGE
1469,MARLBORO COLLEGE
1470,UNIVERSITY OF VERMONT
1471,JOHNSON STATE COLLEGE
1472,LYNDON STATE COLLEGE
1473,SOUTHERN VERMONT COLLEGE
1474,NORWICH UNIVERSITY
1475,BENNINGTON COLLEGE
1476,VERMONT COLLEGE
1477,GONZAGA UNIVERSITY
1478,CLARK COLLEGE
1479,LOWER COLUMBIA COLLEGE
1480,SHORELINE COMMUNITY COLLEGE
1481,WHITWORTH UNIVERSITY
1482,UNIVERSITY OF WASHINGTON
1483,SEATTLE PACIFIC UNIVERSITY
1484,WASHINGTON STATE UNIVERSITY
1485,WHITMAN COLLEGE
1486,CITY UNIVERSITY OF SEATTLE
1487,COLUMBIA BASIN COLLEGE
1488,EVERGREEN STATE COLLEGE
1489,HIGHLINE COMMUNITY COLLEGE
1490,SPOKANE FALLS COMMUNITY COLLEGE
1491,EASTERN WASHINGTON UNIVERSITY
1492,BELLEVUE COLLEGE
1493,WALLA WALLA UNIVERSITY
1494,SEATTLE UNIVERSITY
1495,GREEN RIVER COMMUNITY COLLEGE
1496,UNIVERSITY OF PUGET SOUND
1497,SEATTLE COMMUNITY COLLEGE-SOUTH CAMPUS
1498,YAKIMA VALLEY COMMUNITY COLLEGE
1499,SEATTLE CENTRAL COLLEGE
1500,SOUTH PUGET SOUND COMMUNITY COLLEGE
1501,CENTRAL WASHINGTON UNIVERSITY
1502,CASCADIA COMMUNITY COLLEGE
1503,SEATTLE COMMUNITY COLLEGE-NORTH CAMPUS
1504,PACIFIC LUTHERAN UNIVERSITY
1505,PENINSULA COLLEGE
1506,WENATCHEE VALLEY COLLEGE
1507,SKAGIT VALLEY COLLEGE
1508,WESTERN WASHINGTON UNIVERSITY
1509,WALLA WALLA COMMUNITY COLLEGE
1510,TACOMA COMMUNITY COLLEGE
1511,UNIVERSITY OF WISCONSIN COLLEGES
1512,UNIVERSITY OF WISCONSIN - OSHKOSH
1513,ALVERNO COLLEGE
1514,UNIVERSITY OF WISCONSIN-PLATTEVILLE
1515,NICOLET AREA TECHNICAL COLLEGE
1516,UNIVERSITY OF WISCONSIN-MADISON
1517,LAWRENCE UNIVERSITY
1518,LAKELAND COLLEGE
1519,SAINT NORBERT COLLEGE
1520,RIPON COLLEGE
1521,UNIVERSITY OF WISCONSIN-STEVENS POINT
1522,UNIVERSITY OF WISCONSIN - GREEN BAY
1523,CONCORDIA UNIVERSITY WISCONSIN
1524,UNIVERSITY OF WISCONSIN-WHITEWATER
1525,EDGEWOOD COLLEGE
1526,UNIVERSITY OF WISCONSIN-PARKSIDE
1527,UNIVERSITY OF WISCONSIN-EAU CLAIRE
1528,UNIVERSITY OF WISCONSIN-RIVER FALLS
1529,SILVER LAKE COLLEGE
1530,MADISON AREA TECHNICAL COLLEGE
1531,CARTHAGE COLLEGE
1532,MOUNT MARY COLLEGE
1533,UNIVERSITY OF WISCONSIN-MILWAUKEE
1534,UNIVERSITY OF WISCONSIN-STOUT
1535,CARROLL UNIVERSITY
1536,UNIVERSITY OF WISCONSIN-SUPERIOR
1537,BELOIT COLLEGE
1538,MARQUETTE UNIVERSITY
1539,WISCONSIN LUTHERAN COLLEGE
1540,UNIVERSITY OF WISCONSIN-LACROSSE
1541,VITERBO UNIVERSITY
1542,WEST VIRGINIA UNIVERSITY
1543,CONCORD UNIVERSITY
1544,MARSHALL UNIVERSITY
1545,ALDERSON BROADDUS UNIVERSITY
1546,WEST VIRGINIA STATE UNIVERSITY
1547,UNIVERSITY OF CHARLESTON
1548,GLENVILLE STATE COLLEGE
1549,SHEPHERD UNIVERSITY
1550,FAIRMONT STATE UNIVERSITY
1551,WEST LIBERTY UNIVERSITY
1552,WEST VIRGINIA WESLEYAN COLLEGE
1553,DAVIS & ELKINS COLLEGE
1554,WHEELING JESUIT UNIVERSITY
1555,UNIVERSITY OF WYOMING
1556,CENTRAL WYOMING COLLEGE
1557,LARAMIE COUNTY COMMUNITY COLLEGE
1558,CASPER COLLEGE
1559,NORTHWEST COLLEGE
1560,SHERIDAN COLLEGE
1561,WESTERN WYOMING COMMUNITY COLLEGE
